ticker,date,eps_estimate,eps_reported
AMD,2001-10-17,-0.28,-0.28
AMD,2002-01-16,-0.18,-0.05
AMD,2002-04-17,-0.06,-0.03
AMD,2002-07-17,-0.44,-0.54
AMD,2002-10-16,-0.67,-0.74
AMD,2003-01-16,-0.43,-0.68
AMD,2003-04-16,-0.49,-0.42
AMD,2003-07-16,-0.55,-0.4
AMD,2003-10-16,-0.36,-0.11
AMD,2004-01-20,0.04,0.09
AMD,2004-04-14,0.03,0.12
AMD,2004-07-14,0.09,0.09
AMD,2004-10-07,0.12,0.12
AMD,2005-01-18,0.07,0.05
AMD,2005-04-13,0.02,-0.04
AMD,2005-07-13,-0.05,0.03
AMD,2005-10-11,0.08,0.18
AMD,2006-01-18,0.26,0.45
AMD,2006-04-12,0.3,0.42
AMD,2006-07-20,0.2,0.18
AMD,2006-10-18,0.23,0.23
AMD,2007-01-23,0.12,-0.04
AMD,2007-04-19,-0.43,-0.9
AMD,2007-07-19,-0.79,-0.92
AMD,2007-10-18,-0.61,-0.49
AMD,2008-01-17,-0.33,-0.17
AMD,2008-04-17,-0.47,-0.51
AMD,2008-07-17,-0.52,-0.6
AMD,2008-10-16,-0.39,-0.18
AMD,2009-01-22,-0.56,-0.69
AMD,2009-04-21,-0.63,-0.62
AMD,2009-07-21,-0.51,-0.62
AMD,2009-10-15,-0.45,-0.18
AMD,2010-01-21,-0.05,-0.08
AMD,2010-04-15,-0.07,0.06
AMD,2010-07-15,0.06,0.11
AMD,2010-10-14,0.08,0.15
AMD,2011-01-20,0.11,0.14
AMD,2011-04-21,0.05,0.08
AMD,2011-07-21,0.08,0.09
AMD,2011-10-27,0.1,0.15
AMD,2012-01-24,0.16,0.19
AMD,2012-04-19,0.09,0.12
AMD,2012-07-19,0.07,0.06
AMD,2012-10-18,-0.16,-0.2
AMD,2013-01-22,-0.21,-0.14
AMD,2013-04-18,-0.17,-0.13
AMD,2013-07-18,-0.12,-0.09
AMD,2013-10-17,0.02,0.04
AMD,2014-01-21,0.06,0.06
AMD,2014-04-17,0.01,0.02
AMD,2014-07-17,0.03,0.02
AMD,2014-10-16,0.04,0.03
AMD,2015-01-20,0.01,
AMD,2015-04-16,-0.06,-0.09
AMD,2015-07-16,-0.16,-0.17
AMD,2015-10-15,-0.12,-0.17
AMD,2016-01-19,-0.1,-0.1
AMD,2016-04-21,-0.13,-0.12
AMD,2016-07-21,-0.09,-0.05
AMD,2016-10-20,,0.03
AMD,2017-01-31,-0.02,-0.01
AMD,2017-05-01,-0.04,-0.04
AMD,2017-07-25,,0.02
AMD,2017-10-24,0.08,0.1
AMD,2018-01-30,0.05,0.08
AMD,2018-04-25,0.09,0.11
AMD,2018-07-25,0.13,0.14
AMD,2018-10-24,0.12,0.13
AMD,2019-01-29,0.08,0.08
AMD,2019-04-30,0.06,0.06
AMD,2019-07-30,0.08,0.08
AMD,2019-10-29,0.18,0.18
AMD,2020-01-28,0.31,0.32
AMD,2020-04-28,0.18,0.18
AMD,2020-07-28,0.17,0.18
AMD,2020-10-27,0.36,0.41
AMD,2021-01-26,0.48,0.52
AMD,2021-04-27,0.44,0.52
AMD,2021-07-27,0.54,0.63
AMD,2021-10-26,0.66,0.73
AMD,2022-02-01,0.76,0.92
AMD,2022-05-03,0.92,1.13
AMD,2022-08-02,1.04,1.05
AMD,2022-11-01,0.7,0.67
AMD,2023-01-31,0.67,0.69
AMD,2023-05-02,0.56,0.6
AMD,2023-08-01,0.57,0.58
AMD,2023-10-31,0.68,0.7
AMD,2024-01-30,0.77,0.77
AMD,2024-04-30,0.61,0.62
AMD,2024-07-30,0.68,0.69
AMD,2024-10-29,0.92,0.92
AMD,2025-02-04,1.09,1.09
AMD,2025-05-06,0.93,0.96
AMD,2025-08-05,-0.05,0.54
AMD,2025-11-04,1.17,1.2
AMD,2026-02-03,1.32,1.53
AMD,2026-05-05,1.29,1.37
AMD,2026-08-04,1.61,
AMZN,2002-04-23,,
AMZN,2002-04-23,-0.01,-0.01
AMZN,2002-07-23,,
AMZN,2002-07-23,-0.01,-0.01
AMZN,2002-10-24,,
AMZN,2003-01-23,0.01,0.01
AMZN,2003-04-24,,0.01
AMZN,2003-07-22,,0.01
AMZN,2003-10-21,,0.01
AMZN,2004-01-27,0.01,0.01
AMZN,2004-04-22,0.01,0.01
AMZN,2004-07-22,0.01,0.01
AMZN,2004-10-21,0.01,0.01
AMZN,2005-02-02,0.02,0.02
AMZN,2005-04-26,0.01,0.01
AMZN,2005-07-26,0.01,0.01
AMZN,2005-10-25,0.01,0.01
AMZN,2006-02-02,0.01,0.01
AMZN,2006-04-25,0.01,0.01
AMZN,2006-07-25,,
AMZN,2006-10-24,,
AMZN,2007-02-01,0.01,0.01
AMZN,2007-04-24,0.01,0.01
AMZN,2007-07-24,0.01,0.01
AMZN,2007-10-23,0.01,0.01
AMZN,2008-01-30,0.02,0.02
AMZN,2008-04-23,0.02,0.02
AMZN,2008-07-23,0.01,0.02
AMZN,2008-10-22,0.01,0.01
AMZN,2009-01-29,0.02,0.03
AMZN,2009-04-23,0.02,0.02
AMZN,2009-07-23,0.02,0.02
AMZN,2009-10-22,0.02,0.02
AMZN,2010-04-18,0.04,0.04
AMZN,2010-04-22,0.03,0.03
AMZN,2010-07-22,0.03,0.02
AMZN,2010-10-21,0.02,0.03
AMZN,2011-01-27,0.04,0.05
AMZN,2011-04-26,0.03,0.02
AMZN,2011-07-26,0.02,0.02
AMZN,2011-10-25,0.01,0.01
AMZN,2012-01-31,0.01,0.02
AMZN,2012-04-26,,0.01
AMZN,2012-07-26,,
AMZN,2012-10-25,,-0.03
AMZN,2013-01-29,0.01,0.01
AMZN,2013-04-25,,0.01
AMZN,2013-07-25,,
AMZN,2013-10-24,,
AMZN,2014-01-30,0.03,0.03
AMZN,2014-04-24,0.01,0.01
AMZN,2014-07-24,-0.01,-0.01
AMZN,2014-10-23,-0.04,-0.05
AMZN,2015-01-29,0.01,0.02
AMZN,2015-04-23,-0.01,-0.01
AMZN,2015-07-23,-0.01,0.01
AMZN,2015-10-22,-0.01,0.01
AMZN,2016-01-28,0.08,0.05
AMZN,2016-04-28,0.03,0.05
AMZN,2016-07-28,0.06,0.09
AMZN,2016-10-27,0.04,0.03
AMZN,2017-02-02,0.07,0.08
AMZN,2017-04-27,0.06,0.07
AMZN,2017-07-27,0.07,0.02
AMZN,2017-10-26,,0.03
AMZN,2018-02-01,0.09,0.11
AMZN,2018-04-26,0.06,0.16
AMZN,2018-07-26,0.13,0.25
AMZN,2018-10-25,0.15,0.29
AMZN,2019-01-31,0.28,0.3
AMZN,2019-04-25,0.23,0.35
AMZN,2019-07-25,0.28,0.26
AMZN,2019-10-24,0.22,0.21
AMZN,2020-01-30,0.2,0.32
AMZN,2020-04-30,0.31,0.25
AMZN,2020-07-30,0.08,0.52
AMZN,2020-10-29,0.38,0.62
AMZN,2021-02-02,0.35,0.7
AMZN,2021-04-29,0.47,0.79
AMZN,2021-07-29,0.61,0.76
AMZN,2021-10-28,0.44,0.31
AMZN,2022-02-03,0.19,1.39
AMZN,2022-04-28,0.41,-0.38
AMZN,2022-07-28,0.12,-0.2
AMZN,2022-10-27,0.21,0.28
AMZN,2023-02-02,0.17,0.03
AMZN,2023-04-27,0.21,0.31
AMZN,2023-08-03,0.34,0.65
AMZN,2023-10-26,0.59,0.94
AMZN,2024-02-01,0.8,1.0
AMZN,2024-04-30,0.83,0.98
AMZN,2024-08-01,1.02,1.26
AMZN,2024-10-31,1.14,1.43
AMZN,2025-02-06,1.48,1.86
AMZN,2025-05-01,1.36,1.59
AMZN,2025-07-31,1.32,1.68
AMZN,2025-10-30,1.56,1.95
AMZN,2026-02-05,1.95,1.95
AMZN,2026-04-29,1.64,2.78
AMZN,2026-07-30,1.82,
BAC,2002-01-22,0.62,0.64
BAC,2002-04-15,0.67,0.69
BAC,2002-04-15,0.56,0.57
BAC,2002-07-15,0.7,0.7
BAC,2002-10-15,0.71,0.73
BAC,2003-01-15,0.83,0.85
BAC,2003-04-14,0.74,0.8
BAC,2003-07-14,0.78,0.9
BAC,2003-10-14,0.85,0.96
BAC,2004-01-15,0.89,0.92
BAC,2004-04-14,0.9,0.92
BAC,2004-07-14,0.87,0.95
BAC,2004-10-14,0.91,0.95
BAC,2005-01-18,0.92,0.94
BAC,2005-04-18,0.97,1.16
BAC,2005-07-18,1.01,1.08
BAC,2005-10-19,1.06,1.04
BAC,2006-01-23,1.02,0.93
BAC,2006-04-20,1.0,1.08
BAC,2006-07-19,1.1,1.22
BAC,2006-10-19,1.16,1.22
BAC,2007-01-23,1.13,1.16
BAC,2007-04-19,1.15,1.17
BAC,2007-07-19,1.2,1.3
BAC,2007-10-18,1.06,0.82
BAC,2008-01-22,0.19,-0.15
BAC,2008-04-21,0.45,0.26
BAC,2008-07-21,0.51,0.72
BAC,2008-10-06,0.61,0.15
BAC,2009-01-16,0.06,-0.48
BAC,2009-04-20,0.07,0.17
BAC,2009-07-17,0.31,0.33
BAC,2009-10-16,-0.02,-0.05
BAC,2010-04-16,0.11,0.28
BAC,2010-04-19,-0.52,-0.6
BAC,2010-07-16,0.23,0.27
BAC,2010-10-19,0.17,0.27
BAC,2011-01-21,0.16,0.04
BAC,2011-04-15,0.27,0.17
BAC,2011-07-19,0.3,0.33
BAC,2011-10-18,0.2,0.27
BAC,2012-01-19,0.16,0.15
BAC,2012-04-19,0.12,0.31
BAC,2012-07-18,0.13,0.15
BAC,2012-10-17,0.18,0.28
BAC,2013-01-17,0.2,0.21
BAC,2013-04-17,0.22,0.2
BAC,2013-07-17,0.26,0.32
BAC,2013-10-16,0.18,0.2
BAC,2014-01-15,0.27,0.29
BAC,2014-04-16,0.05,-0.05
BAC,2014-07-16,0.1,0.19
BAC,2014-10-15,-0.09,-0.05
BAC,2015-01-15,0.31,0.25
BAC,2015-04-15,0.29,0.27
BAC,2015-07-15,0.36,0.45
BAC,2015-10-14,0.33,0.37
BAC,2016-01-19,0.27,0.28
BAC,2016-04-14,0.21,0.21
BAC,2016-07-18,0.33,0.36
BAC,2016-10-17,0.34,0.41
BAC,2017-01-13,0.38,0.4
BAC,2017-04-18,0.35,0.41
BAC,2017-07-18,0.44,0.46
BAC,2017-10-13,0.46,0.48
BAC,2018-01-17,0.45,0.47
BAC,2018-04-16,0.6,0.62
BAC,2018-07-16,0.58,0.63
BAC,2018-10-15,0.62,0.66
BAC,2019-01-16,0.64,0.7
BAC,2019-04-16,0.66,0.7
BAC,2019-07-17,0.71,0.74
BAC,2019-10-16,0.68,0.75
BAC,2020-01-15,0.69,0.74
BAC,2020-04-15,0.6,0.4
BAC,2020-07-16,0.28,0.37
BAC,2020-10-14,0.5,0.51
BAC,2021-01-19,0.54,0.59
BAC,2021-04-15,0.65,0.86
BAC,2021-07-14,0.77,1.03
BAC,2021-10-14,0.7,0.85
BAC,2022-01-19,0.76,0.82
BAC,2022-04-18,0.74,0.8
BAC,2022-07-18,0.75,0.73
BAC,2022-10-17,0.77,0.81
BAC,2023-01-13,0.77,0.85
BAC,2023-04-18,0.82,0.94
BAC,2023-07-18,0.84,0.88
BAC,2023-10-17,0.82,0.9
BAC,2024-01-12,0.58,0.35
BAC,2024-04-16,0.77,0.76
BAC,2024-07-16,0.8,0.83
BAC,2024-10-15,0.76,0.81
BAC,2025-01-16,0.77,0.82
BAC,2025-04-15,0.81,0.9
BAC,2025-07-16,0.86,0.89
BAC,2025-10-15,0.95,1.06
BAC,2026-01-14,0.96,0.98
BAC,2026-04-15,1.02,1.11
BAC,2026-07-14,1.09,
CVX,2001-10-25,0.72,0.8
CVX,2002-01-29,0.44,0.24
CVX,2002-04-25,0.35,0.44
CVX,2002-07-30,0.69,0.58
CVX,2002-10-31,0.65,0.59
CVX,2003-01-31,0.64,0.5
CVX,2003-05-02,0.9,1.01
CVX,2003-08-01,0.76,0.81
CVX,2003-10-31,0.8,0.92
CVX,2004-01-30,0.78,0.78
CVX,2004-04-30,1.01,1.21
CVX,2004-07-30,1.35,1.53
CVX,2004-10-29,1.36,1.28
CVX,2005-01-28,1.38,1.56
CVX,2005-04-29,1.38,1.28
CVX,2005-07-29,1.65,1.76
CVX,2005-10-28,1.85,1.64
CVX,2006-01-27,1.89,1.86
CVX,2006-04-28,1.78,1.8
CVX,2006-07-28,2.17,2.1
CVX,2006-10-27,2.04,2.29
CVX,2007-02-02,1.73,1.74
CVX,2007-04-27,1.68,1.86
CVX,2007-07-27,2.3,2.27
CVX,2007-11-02,2.07,1.94
CVX,2008-02-01,2.3,2.32
CVX,2008-05-02,2.41,2.48
CVX,2008-08-01,3.02,2.9
CVX,2008-10-31,3.27,3.85
CVX,2009-01-30,1.82,2.13
CVX,2009-05-01,0.81,0.72
CVX,2009-07-31,0.96,0.87
CVX,2009-10-30,1.43,1.72
CVX,2010-01-29,1.7,1.53
CVX,2010-04-30,1.93,2.36
CVX,2010-07-30,2.46,2.7
CVX,2010-10-29,2.13,1.87
CVX,2011-01-28,2.43,2.64
CVX,2011-04-29,2.97,3.09
CVX,2011-07-29,3.56,3.85
CVX,2011-10-28,3.44,3.92
CVX,2012-01-27,2.92,2.58
CVX,2012-04-27,3.22,3.17
CVX,2012-07-27,3.24,3.56
CVX,2012-11-02,2.87,2.37
CVX,2013-02-01,3.05,2.99
CVX,2013-04-26,3.08,3.18
CVX,2013-08-02,2.98,2.77
CVX,2013-11-01,2.74,2.57
CVX,2014-01-31,2.58,2.57
CVX,2014-05-02,2.48,2.36
CVX,2014-08-01,2.67,2.98
CVX,2014-10-31,2.53,2.95
CVX,2015-01-30,1.65,1.85
CVX,2015-05-01,0.81,1.37
CVX,2015-07-31,1.16,0.97
CVX,2015-10-30,0.74,1.09
CVX,2016-01-29,0.51,0.27
CVX,2016-04-29,-0.16,-0.11
CVX,2016-07-29,0.32,0.35
CVX,2016-10-28,0.39,0.49
CVX,2017-01-27,0.64,0.21
CVX,2017-04-28,0.87,1.23
CVX,2017-07-28,0.87,0.91
CVX,2017-10-27,0.97,0.85
CVX,2018-02-02,1.24,0.72
CVX,2018-04-27,1.49,1.9
CVX,2018-07-27,2.09,1.78
CVX,2018-11-02,2.06,2.44
CVX,2019-02-01,1.89,1.95
CVX,2019-04-26,1.33,1.47
CVX,2019-08-02,1.82,1.77
CVX,2019-11-01,1.46,1.55
CVX,2020-01-31,1.46,1.49
CVX,2020-05-01,0.67,1.29
CVX,2020-07-31,-0.92,-1.59
CVX,2020-10-30,-0.27,0.11
CVX,2021-01-29,0.09,-0.01
CVX,2021-04-30,0.94,0.9
CVX,2021-07-30,1.6,1.71
CVX,2021-10-29,2.19,2.96
CVX,2022-01-28,3.12,2.56
CVX,2022-04-29,3.45,3.36
CVX,2022-07-29,5.03,5.82
CVX,2022-10-28,4.92,5.56
CVX,2023-01-27,4.3,4.09
CVX,2023-04-28,3.38,3.55
CVX,2023-07-23,2.98,3.08
CVX,2023-10-27,3.68,3.05
CVX,2024-02-02,3.22,3.45
CVX,2024-04-26,2.91,2.93
CVX,2024-08-02,3.0,2.55
CVX,2024-11-01,2.42,2.51
CVX,2025-01-31,2.11,2.06
CVX,2025-05-02,2.15,2.18
CVX,2025-08-01,1.74,1.77
CVX,2025-10-31,1.71,1.85
CVX,2026-01-30,1.44,1.52
CVX,2026-05-01,0.97,1.41
CVX,2026-07-31,4.94,
GOOGL,2004-10-21,0.01,0.02
GOOGL,2005-02-01,0.01,0.02
GOOGL,2005-04-21,0.02,0.03
GOOGL,2005-07-21,0.03,0.03
GOOGL,2005-10-20,0.03,0.03
GOOGL,2006-01-31,0.04,0.04
GOOGL,2006-04-20,0.05,0.06
GOOGL,2006-07-20,0.06,0.06
GOOGL,2006-10-19,0.06,0.07
GOOGL,2007-01-31,0.07,0.08
GOOGL,2007-04-19,0.08,0.09
GOOGL,2007-07-19,0.08,0.07
GOOGL,2007-10-18,0.09,0.1
GOOGL,2008-01-31,0.11,0.11
GOOGL,2008-04-17,0.1,0.1
GOOGL,2008-07-17,0.12,0.12
GOOGL,2008-10-16,0.12,0.12
GOOGL,2009-01-22,0.12,0.13
GOOGL,2009-04-16,0.1,0.11
GOOGL,2009-07-16,0.13,0.13
GOOGL,2009-10-15,0.12,0.13
GOOGL,2010-01-21,0.14,0.15
GOOGL,2010-05-05,0.17,0.17
GOOGL,2010-07-15,0.16,0.16
GOOGL,2010-10-14,0.17,0.19
GOOGL,2011-01-20,0.18,0.2
GOOGL,2011-04-14,0.18,0.18
GOOGL,2011-07-14,0.17,0.19
GOOGL,2011-10-13,0.19,0.21
GOOGL,2012-01-19,0.23,0.21
GOOGL,2012-04-12,0.24,0.25
GOOGL,2012-07-19,0.25,0.25
GOOGL,2012-10-18,0.22,0.16
GOOGL,2013-01-22,0.21,0.22
GOOGL,2013-04-18,0.27,0.29
GOOGL,2013-07-18,0.23,0.24
GOOGL,2013-10-17,0.26,0.27
GOOGL,2014-01-30,0.31,0.3
GOOGL,2014-04-16,0.32,0.31
GOOGL,2014-07-17,0.31,0.3
GOOGL,2014-10-16,0.27,0.2
GOOGL,2015-01-29,0.36,0.34
GOOGL,2015-04-23,0.33,0.33
GOOGL,2015-07-16,0.33,0.35
GOOGL,2015-10-22,0.36,0.37
GOOGL,2016-02-01,0.4,0.43
GOOGL,2016-04-21,0.31,0.3
GOOGL,2016-07-28,0.32,0.35
GOOGL,2016-10-27,0.34,0.36
GOOGL,2017-01-26,0.38,0.38
GOOGL,2017-04-27,0.47,0.5
GOOGL,2017-07-24,0.22,0.25
GOOGL,2017-10-26,0.42,0.48
GOOGL,2018-02-01,0.49,0.49
GOOGL,2018-04-23,0.46,0.67
GOOGL,2018-07-23,0.19,0.23
GOOGL,2018-10-25,0.52,0.65
GOOGL,2019-02-04,0.55,0.64
GOOGL,2019-04-29,0.52,0.6
GOOGL,2019-07-25,0.56,0.71
GOOGL,2019-10-28,0.64,0.55
GOOGL,2020-02-03,0.63,0.77
GOOGL,2020-04-28,0.54,0.49
GOOGL,2020-07-30,0.41,0.51
GOOGL,2020-10-29,0.56,0.82
GOOGL,2021-02-02,0.8,1.12
GOOGL,2021-04-27,0.78,1.31
GOOGL,2021-07-27,0.96,1.36
GOOGL,2021-10-26,1.17,1.4
GOOGL,2022-02-01,1.36,1.53
GOOGL,2022-04-26,1.28,1.23
GOOGL,2022-07-26,1.27,1.21
GOOGL,2022-10-25,1.25,1.06
GOOGL,2023-02-02,1.19,1.05
GOOGL,2023-04-25,1.07,1.17
GOOGL,2023-07-25,1.34,1.44
GOOGL,2023-10-24,1.45,1.55
GOOGL,2024-01-30,1.6,1.64
GOOGL,2024-04-25,1.51,1.89
GOOGL,2024-07-23,1.84,1.89
GOOGL,2024-10-29,1.85,2.12
GOOGL,2025-02-04,2.13,2.15
GOOGL,2025-04-24,2.01,2.81
GOOGL,2025-07-23,2.2,2.31
GOOGL,2025-10-29,2.26,2.87
GOOGL,2026-02-04,2.64,2.82
GOOGL,2026-04-29,2.67,5.11
GOOGL,2026-07-23,2.88,
GS,2001-09-26,0.81,0.87
GS,2001-12-20,0.9,0.93
GS,2002-03-19,0.89,0.98
GS,2002-06-20,0.98,1.06
GS,2002-09-24,0.99,1.0
GS,2002-12-19,0.96,0.98
GS,2003-03-20,0.96,1.29
GS,2003-06-25,1.19,1.36
GS,2003-09-23,1.23,1.32
GS,2003-12-18,1.54,1.89
GS,2004-03-23,1.62,2.5
GS,2004-06-22,1.95,2.31
GS,2004-09-21,1.41,1.74
GS,2004-12-16,2.3,2.36
GS,2005-03-17,2.2,2.94
GS,2005-06-16,1.89,1.71
GS,2005-09-20,2.35,3.25
GS,2005-12-15,3.36,3.35
GS,2006-03-14,3.38,5.08
GS,2006-06-13,4.59,4.78
GS,2006-09-12,2.96,3.26
GS,2006-12-12,5.99,6.59
GS,2007-03-13,5.0,6.67
GS,2007-06-14,4.79,4.93
GS,2007-09-20,4.25,6.13
GS,2007-12-18,6.68,7.01
GS,2008-03-18,2.57,3.23
GS,2008-06-17,3.38,4.58
GS,2008-09-16,1.75,1.81
GS,2008-12-16,-4.98,-4.97
GS,2009-04-13,1.73,3.39
GS,2009-07-14,3.48,4.93
GS,2009-10-15,4.19,5.25
GS,2010-01-21,5.15,8.2
GS,2010-04-20,4.03,5.59
GS,2010-07-20,1.05,0.78
GS,2010-10-19,2.33,2.98
GS,2011-01-19,3.73,3.79
GS,2011-04-19,0.83,1.56
GS,2011-07-19,2.31,1.85
GS,2011-10-18,-0.1,-0.84
GS,2012-01-18,1.16,1.84
GS,2012-04-17,3.54,3.92
GS,2012-07-17,1.27,1.78
GS,2012-10-16,2.09,2.85
GS,2013-01-16,3.71,5.6
GS,2013-04-16,3.94,4.29
GS,2013-07-16,2.91,3.7
GS,2013-10-17,2.43,2.88
GS,2014-01-16,4.19,4.6
GS,2014-04-17,3.5,4.02
GS,2014-07-15,3.08,4.1
GS,2014-10-16,3.21,4.57
GS,2015-01-16,4.31,4.38
GS,2015-04-16,4.27,5.94
GS,2015-07-16,3.95,4.75
GS,2015-10-15,3.13,2.9
GS,2016-01-20,3.62,4.68
GS,2016-04-19,2.46,2.68
GS,2016-07-19,3.04,3.72
GS,2016-10-18,3.86,4.88
GS,2017-01-18,4.74,5.08
GS,2017-04-18,5.17,5.15
GS,2017-07-18,3.39,3.95
GS,2017-10-17,4.15,5.02
GS,2018-01-17,4.95,5.68
GS,2018-04-17,5.57,6.95
GS,2018-07-17,4.65,5.98
GS,2018-10-16,5.38,6.28
GS,2019-01-16,4.71,6.04
GS,2019-04-15,5.02,5.71
GS,2019-07-16,5.09,5.81
GS,2019-10-15,4.88,4.79
GS,2020-01-15,5.45,4.69
GS,2020-04-15,3.36,3.11
GS,2020-07-15,3.91,6.26
GS,2020-10-14,5.5,9.68
GS,2021-01-19,7.36,12.55
GS,2021-04-14,9.97,18.6
GS,2021-07-13,10.2,15.02
GS,2021-10-15,10.01,14.93
GS,2022-01-18,11.93,10.81
GS,2022-04-14,9.2,10.76
GS,2022-07-18,6.56,7.73
GS,2022-10-18,7.68,8.25
GS,2023-01-17,5.86,3.32
GS,2023-04-18,8.06,8.79
GS,2023-07-19,3.83,3.08
GS,2023-10-17,5.53,5.47
GS,2024-01-16,3.94,5.48
GS,2024-04-15,8.7,11.58
GS,2024-07-15,8.4,8.41
GS,2024-10-15,6.92,8.4
GS,2025-01-15,8.29,10.97
GS,2025-04-14,12.29,14.12
GS,2025-07-16,9.62,10.91
GS,2025-10-14,11.09,12.25
GS,2026-01-15,11.76,14.01
GS,2026-04-13,16.24,17.55
GS,2026-07-14,13.72,
INTC,2002-04-16,0.15,0.16
INTC,2002-04-16,0.15,0.15
INTC,2002-07-16,0.11,0.12
INTC,2002-07-16,0.11,0.1
INTC,2002-10-15,0.13,0.11
INTC,2003-01-14,0.14,0.16
INTC,2003-04-15,0.12,0.14
INTC,2003-07-15,0.13,0.14
INTC,2003-10-14,0.23,0.25
INTC,2004-01-14,0.25,0.27
INTC,2004-04-13,0.27,0.28
INTC,2004-07-13,0.27,0.27
INTC,2004-10-12,0.27,0.26
INTC,2005-01-11,0.31,0.33
INTC,2005-04-19,0.31,0.34
INTC,2005-07-19,0.33,0.33
INTC,2005-10-18,0.34,0.38
INTC,2006-01-17,0.43,0.4
INTC,2006-04-19,0.22,0.23
INTC,2006-07-19,0.13,0.15
INTC,2006-10-17,0.17,0.21
INTC,2007-01-16,0.25,0.25
INTC,2007-04-17,0.22,0.22
INTC,2007-07-17,0.19,0.19
INTC,2007-10-16,0.3,0.31
INTC,2008-01-15,0.4,0.38
INTC,2008-04-15,0.26,0.25
INTC,2008-07-16,0.26,0.28
INTC,2008-10-14,0.34,0.35
INTC,2009-01-15,0.05,0.04
INTC,2009-04-14,0.03,0.11
INTC,2009-07-14,0.09,0.18
INTC,2009-10-13,0.28,0.33
INTC,2010-01-14,0.42,0.55
INTC,2010-04-13,0.38,0.43
INTC,2010-07-13,0.43,0.51
INTC,2010-10-12,0.5,0.52
INTC,2011-01-13,0.53,0.59
INTC,2011-04-19,0.46,0.59
INTC,2011-07-20,0.51,0.59
INTC,2011-10-18,0.61,0.65
INTC,2012-01-19,0.63,0.68
INTC,2012-04-17,0.53,0.56
INTC,2012-07-17,0.55,0.57
INTC,2012-10-16,0.52,0.6
INTC,2013-01-17,0.49,0.51
INTC,2013-04-29,0.44,0.4
INTC,2013-07-17,0.4,0.39
INTC,2013-10-15,0.53,0.58
INTC,2014-01-16,0.52,0.51
INTC,2014-04-25,0.37,0.38
INTC,2014-07-15,0.52,0.55
INTC,2014-10-14,0.65,0.66
INTC,2015-01-15,0.66,0.74
INTC,2015-04-27,0.41,0.41
INTC,2015-07-15,0.5,0.55
INTC,2015-10-13,0.59,0.64
INTC,2016-01-14,0.63,0.74
INTC,2016-04-19,0.48,0.54
INTC,2016-07-20,0.53,0.59
INTC,2016-10-18,0.72,0.8
INTC,2017-01-26,0.75,0.79
INTC,2017-04-27,0.65,0.66
INTC,2017-07-27,0.68,0.72
INTC,2017-10-26,0.8,1.01
INTC,2018-01-25,0.87,1.08
INTC,2018-04-26,0.72,0.87
INTC,2018-07-26,0.97,1.04
INTC,2018-10-25,1.15,1.4
INTC,2019-01-24,1.22,1.28
INTC,2019-04-25,0.87,0.89
INTC,2019-07-25,0.9,1.06
INTC,2019-10-24,1.24,1.42
INTC,2020-01-23,1.25,1.52
INTC,2020-04-23,1.26,1.45
INTC,2020-07-23,1.11,1.23
INTC,2020-10-22,1.11,1.11
INTC,2021-01-21,1.11,1.52
INTC,2021-04-22,1.14,1.39
INTC,2021-07-22,1.07,1.28
INTC,2021-10-21,1.11,1.71
INTC,2022-01-26,0.91,1.09
INTC,2022-04-28,0.8,0.87
INTC,2022-07-28,0.7,0.29
INTC,2022-10-27,0.33,0.59
INTC,2023-01-26,0.2,0.1
INTC,2023-04-27,-0.14,-0.04
INTC,2023-07-27,-0.03,0.13
INTC,2023-10-26,0.22,0.41
INTC,2024-01-25,0.45,0.54
INTC,2024-04-25,0.14,0.18
INTC,2024-08-01,0.1,0.02
INTC,2024-10-31,-0.03,-0.46
INTC,2025-01-30,-0.22,-0.03
INTC,2025-04-24,,0.13
INTC,2025-07-24,0.01,-0.1
INTC,2025-10-23,0.01,0.23
INTC,2026-01-22,0.08,0.15
INTC,2026-04-23,0.01,0.29
INTC,2026-07-23,0.21,
JNJ,2001-10-16,0.48,0.5
JNJ,2002-01-22,0.38,0.39
JNJ,2002-04-16,0.58,0.59
JNJ,2002-07-16,0.59,0.6
JNJ,2002-10-15,0.59,0.6
JNJ,2003-01-21,0.47,0.48
JNJ,2003-04-15,0.68,0.69
JNJ,2003-07-15,0.69,0.7
JNJ,2003-10-14,0.68,0.69
JNJ,2004-01-20,0.56,0.57
JNJ,2004-04-13,0.8,0.83
JNJ,2004-07-13,0.79,0.82
JNJ,2004-10-12,0.76,0.78
JNJ,2005-01-25,0.64,0.67
JNJ,2005-04-19,0.92,0.97
JNJ,2005-07-19,0.91,0.93
JNJ,2005-10-18,0.86,0.87
JNJ,2006-01-24,0.73,0.73
JNJ,2006-04-18,0.98,0.99
JNJ,2006-07-18,0.97,0.98
JNJ,2006-10-17,0.93,0.98
JNJ,2007-01-23,0.79,0.81
JNJ,2007-04-17,1.04,1.16
JNJ,2007-07-16,1.0,1.05
JNJ,2007-10-16,0.99,1.06
JNJ,2008-01-22,0.86,0.88
JNJ,2008-04-15,1.2,1.26
JNJ,2008-07-15,1.12,1.18
JNJ,2008-10-14,1.11,1.17
JNJ,2009-01-20,0.92,0.94
JNJ,2009-04-14,1.22,1.26
JNJ,2009-07-14,1.11,1.15
JNJ,2009-10-13,1.13,1.2
JNJ,2010-01-26,0.97,1.02
JNJ,2010-04-20,1.27,1.29
JNJ,2010-07-20,1.2,1.21
JNJ,2010-10-19,1.15,1.23
JNJ,2011-01-25,1.03,1.03
JNJ,2011-04-19,1.26,1.35
JNJ,2011-07-19,1.24,1.28
JNJ,2011-10-18,1.21,1.24
JNJ,2012-01-24,1.09,1.13
JNJ,2012-04-17,1.36,1.37
JNJ,2012-07-17,1.29,1.3
JNJ,2012-10-16,1.21,1.25
JNJ,2013-01-22,1.17,1.19
JNJ,2013-04-16,1.4,1.44
JNJ,2013-07-16,1.39,1.48
JNJ,2013-10-15,1.32,1.36
JNJ,2014-01-21,1.2,1.24
JNJ,2014-04-15,1.48,1.54
JNJ,2014-07-15,1.55,1.66
JNJ,2014-10-14,1.45,1.5
JNJ,2015-01-20,1.26,1.27
JNJ,2015-04-14,1.54,1.56
JNJ,2015-07-14,1.68,1.71
JNJ,2015-10-13,1.45,1.49
JNJ,2016-01-26,1.42,1.44
JNJ,2016-04-19,1.65,1.68
JNJ,2016-07-19,1.68,1.74
JNJ,2016-10-18,1.66,1.68
JNJ,2017-01-24,1.56,1.58
JNJ,2017-04-18,1.77,1.83
JNJ,2017-07-18,1.79,1.83
JNJ,2017-10-17,1.8,1.9
JNJ,2018-01-23,1.72,1.74
JNJ,2018-04-17,2.0,2.06
JNJ,2018-07-17,2.07,2.1
JNJ,2018-10-16,2.03,2.05
JNJ,2019-01-22,1.95,1.97
JNJ,2019-04-16,2.04,2.1
JNJ,2019-07-16,2.44,2.58
JNJ,2019-10-15,2.01,2.12
JNJ,2020-01-22,1.87,1.88
JNJ,2020-04-14,2.0,2.3
JNJ,2020-07-16,1.51,1.67
JNJ,2020-10-13,1.98,2.2
JNJ,2021-01-26,1.83,1.86
JNJ,2021-04-20,2.35,2.59
JNJ,2021-07-21,2.28,2.48
JNJ,2021-10-19,2.35,2.6
JNJ,2022-01-25,2.12,2.13
JNJ,2022-04-19,2.57,2.67
JNJ,2022-07-19,2.55,2.59
JNJ,2022-10-18,2.49,2.55
JNJ,2023-01-24,2.24,2.35
JNJ,2023-04-18,2.5,2.68
JNJ,2023-07-20,2.62,2.8
JNJ,2023-10-17,2.52,2.66
JNJ,2024-01-23,2.28,2.29
JNJ,2024-04-16,2.65,2.71
JNJ,2024-07-17,2.7,2.82
JNJ,2024-10-15,2.21,2.42
JNJ,2025-01-22,2.01,2.04
JNJ,2025-04-15,2.58,2.77
JNJ,2025-07-16,2.68,2.77
JNJ,2025-10-14,2.76,2.8
JNJ,2026-01-21,2.46,2.46
JNJ,2026-04-14,2.68,2.7
JNJ,2026-07-15,2.84,
JPM,2001-10-17,0.51,0.51
JPM,2002-01-16,0.35,0.12
JPM,2002-04-17,0.53,0.57
JPM,2002-07-17,0.65,0.58
JPM,2002-10-16,0.07,0.16
JPM,2003-01-22,-0.07,-0.07
JPM,2003-04-16,0.5,0.69
JPM,2003-07-16,0.62,0.89
JPM,2003-10-22,0.76,0.78
JPM,2004-01-21,0.77,0.89
JPM,2004-04-21,0.87,0.92
JPM,2004-07-21,0.83,0.85
JPM,2004-10-20,0.74,0.6
JPM,2005-01-19,0.69,0.64
JPM,2005-04-20,0.7,0.81
JPM,2005-07-20,0.65,0.66
JPM,2005-10-19,0.72,0.75
JPM,2006-01-18,0.73,0.73
JPM,2006-04-19,0.83,0.86
JPM,2006-07-19,0.87,0.92
JPM,2006-10-18,0.86,0.91
JPM,2007-01-17,0.94,1.01
JPM,2007-04-18,1.02,1.23
JPM,2007-07-18,1.08,1.2
JPM,2007-10-17,0.9,0.97
JPM,2008-01-16,0.91,0.86
JPM,2008-04-16,0.65,0.68
JPM,2008-07-17,0.44,0.54
JPM,2008-10-15,-0.29,-0.06
JPM,2009-01-15,0.01,-0.28
JPM,2009-04-16,0.3,0.4
JPM,2009-07-16,0.06,0.28
JPM,2009-10-14,0.53,0.82
JPM,2010-01-15,0.61,0.74
JPM,2010-04-14,0.64,0.74
JPM,2010-07-15,0.74,1.09
JPM,2010-10-13,0.9,1.01
JPM,2011-01-14,1.01,1.12
JPM,2011-04-13,1.16,1.28
JPM,2011-07-14,1.2,1.27
JPM,2011-10-13,0.91,1.02
JPM,2012-01-13,0.91,0.9
JPM,2012-04-13,1.17,1.31
JPM,2012-07-13,0.82,1.21
JPM,2012-10-12,1.23,1.4
JPM,2013-01-16,1.21,1.39
JPM,2013-04-12,1.38,1.59
JPM,2013-07-12,1.45,1.6
JPM,2013-10-11,1.28,1.42
JPM,2014-01-14,1.33,1.4
JPM,2014-04-11,1.4,1.28
JPM,2014-07-15,1.3,1.46
JPM,2014-10-14,1.38,1.62
JPM,2015-01-14,1.32,1.19
JPM,2015-04-14,1.41,1.45
JPM,2015-07-14,1.44,1.54
JPM,2015-10-13,1.37,1.32
JPM,2016-01-14,1.26,1.32
JPM,2016-04-13,1.26,1.35
JPM,2016-07-14,1.43,1.55
JPM,2016-10-14,1.39,1.58
JPM,2017-01-13,1.42,1.58
JPM,2017-04-13,1.51,1.65
JPM,2017-07-14,1.59,1.71
JPM,2017-10-12,1.66,1.76
JPM,2018-01-12,1.69,1.76
JPM,2018-04-13,2.29,2.26
JPM,2018-07-13,2.22,2.29
JPM,2018-10-12,2.26,2.34
JPM,2019-01-15,2.19,1.98
JPM,2019-04-12,2.35,2.65
JPM,2019-07-16,2.49,2.82
JPM,2019-10-15,2.45,2.68
JPM,2020-01-14,2.36,2.57
JPM,2020-04-14,2.2,2.89
JPM,2020-07-14,1.21,1.08
JPM,2020-10-13,2.24,3.09
JPM,2021-01-15,2.65,3.07
JPM,2021-04-14,3.06,4.59
JPM,2021-07-13,3.17,3.78
JPM,2021-10-13,3.0,3.55
JPM,2022-01-14,3.03,3.33
JPM,2022-04-13,2.71,2.63
JPM,2022-07-14,2.9,2.76
JPM,2022-10-14,2.85,3.12
JPM,2023-01-13,3.1,3.57
JPM,2023-04-14,3.37,4.1
JPM,2023-07-14,3.76,4.75
JPM,2023-10-13,3.97,4.33
JPM,2024-01-12,3.6,3.04
JPM,2024-04-12,4.13,4.44
JPM,2024-07-12,4.53,6.12
JPM,2024-10-11,3.99,4.37
JPM,2025-01-15,4.04,4.81
JPM,2025-04-11,4.64,5.07
JPM,2025-07-15,4.48,4.96
JPM,2025-10-14,4.87,5.07
JPM,2026-01-13,4.82,4.63
JPM,2026-04-14,5.51,5.94
JPM,2026-07-14,5.4,
META,2012-07-26,0.11,0.12
META,2012-10-23,0.11,0.12
META,2013-01-30,0.15,0.17
META,2013-05-01,0.13,0.12
META,2013-07-24,0.14,0.19
META,2013-10-30,0.19,0.25
META,2014-01-29,0.27,0.31
META,2014-04-23,0.24,0.34
META,2014-07-23,0.32,0.42
META,2014-10-28,0.4,0.42
META,2015-01-28,0.49,0.54
META,2015-04-22,0.4,0.42
META,2015-07-29,0.47,0.5
META,2015-11-04,0.52,0.57
META,2016-01-27,0.68,0.79
META,2016-04-27,0.62,0.77
META,2016-07-27,0.82,0.97
META,2016-11-02,0.97,1.09
META,2017-02-01,1.31,1.41
META,2017-05-04,1.12,1.36
META,2017-07-26,1.12,1.32
META,2017-11-01,1.28,1.59
META,2018-01-31,1.97,2.21
META,2018-04-25,1.34,1.69
META,2018-07-25,1.7,1.74
META,2018-10-30,1.44,1.76
META,2019-01-30,2.18,2.38
META,2019-04-24,1.6,1.89
META,2019-07-24,1.88,1.99
META,2019-10-30,1.88,2.12
META,2020-01-29,2.57,2.56
META,2020-04-29,1.7,1.71
META,2020-07-30,1.37,1.8
META,2020-10-29,1.91,2.4
META,2021-01-27,3.24,3.88
META,2021-04-28,2.35,3.3
META,2021-07-28,3.06,3.61
META,2021-10-25,3.18,3.22
META,2022-02-02,3.83,3.67
META,2022-04-27,2.53,2.72
META,2022-07-27,2.55,2.46
META,2022-10-26,1.85,1.64
META,2023-02-01,2.23,1.76
META,2023-04-26,1.95,2.2
META,2023-07-26,2.91,2.98
META,2023-10-25,3.6,4.39
META,2024-02-01,4.94,5.33
META,2024-04-24,4.36,4.71
META,2024-07-31,4.78,5.16
META,2024-10-30,5.3,6.03
META,2025-01-29,6.74,8.02
META,2025-04-30,5.21,6.43
META,2025-07-30,5.86,7.14
META,2025-10-29,6.67,7.25
META,2026-01-28,8.18,8.88
META,2026-04-29,6.82,7.31
META,2026-07-29,7.48,
MSFT,2001-10-18,0.2,0.22
MSFT,2002-01-17,0.22,0.25
MSFT,2002-04-18,0.25,0.25
MSFT,2002-07-18,0.21,0.21
MSFT,2002-10-17,0.21,0.28
MSFT,2003-01-16,0.23,0.27
MSFT,2003-04-15,0.23,0.26
MSFT,2003-07-17,0.23,0.23
MSFT,2003-10-23,0.29,0.3
MSFT,2004-01-22,0.3,0.34
MSFT,2004-04-22,0.29,0.34
MSFT,2004-07-22,0.28,0.28
MSFT,2004-10-21,0.3,0.31
MSFT,2005-01-27,0.33,0.35
MSFT,2005-04-28,0.32,0.32
MSFT,2005-07-21,0.28,0.34
MSFT,2005-10-27,0.34,0.34
MSFT,2006-01-26,0.33,0.33
MSFT,2006-04-27,0.33,0.32
MSFT,2006-07-20,0.3,0.31
MSFT,2006-10-26,0.31,0.35
MSFT,2007-01-25,0.24,0.26
MSFT,2007-04-26,0.46,0.5
MSFT,2007-07-19,0.34,0.31
MSFT,2007-10-25,0.39,0.45
MSFT,2008-01-24,0.46,0.5
MSFT,2008-04-24,0.44,0.47
MSFT,2008-07-17,0.47,0.46
MSFT,2008-10-23,0.47,0.48
MSFT,2009-01-22,0.49,0.47
MSFT,2009-04-23,0.39,0.39
MSFT,2010-04-19,0.36,0.36
MSFT,2010-04-19,0.59,0.74
MSFT,2010-04-19,0.32,0.4
MSFT,2010-04-22,0.42,0.45
MSFT,2010-07-22,0.46,0.51
MSFT,2010-10-28,0.55,0.62
MSFT,2011-01-27,0.68,0.77
MSFT,2011-04-28,0.56,0.61
MSFT,2011-07-21,0.58,0.69
MSFT,2011-10-20,0.68,0.68
MSFT,2012-01-19,0.76,0.78
MSFT,2012-04-19,0.58,0.6
MSFT,2012-07-19,0.62,0.73
MSFT,2012-10-18,0.56,0.53
MSFT,2013-01-24,0.76,0.76
MSFT,2013-04-18,0.67,0.72
MSFT,2013-07-18,0.74,0.66
MSFT,2013-10-24,0.53,0.62
MSFT,2014-01-23,0.68,0.78
MSFT,2014-04-24,0.63,0.68
MSFT,2014-07-22,0.6,0.55
MSFT,2014-10-23,0.54,0.65
MSFT,2015-01-26,0.74,0.77
MSFT,2015-04-23,0.53,0.62
MSFT,2015-07-21,0.57,0.62
MSFT,2015-10-22,0.59,0.67
MSFT,2016-01-28,0.53,0.62
MSFT,2016-04-21,0.64,0.62
MSFT,2016-07-19,0.58,0.69
MSFT,2016-10-20,0.68,0.76
MSFT,2017-01-26,0.79,0.84
MSFT,2017-04-27,0.7,0.73
MSFT,2017-07-20,0.71,0.98
MSFT,2017-10-26,0.73,0.84
MSFT,2018-01-31,0.87,0.96
MSFT,2018-04-26,0.85,0.95
MSFT,2018-07-19,1.08,1.13
MSFT,2018-10-24,0.97,1.14
MSFT,2019-01-30,1.09,1.1
MSFT,2019-04-24,1.0,1.14
MSFT,2019-07-18,1.21,1.37
MSFT,2019-10-23,1.24,1.38
MSFT,2020-01-29,1.32,1.51
MSFT,2020-04-29,1.27,1.4
MSFT,2020-07-22,1.37,1.46
MSFT,2020-10-27,1.55,1.82
MSFT,2021-01-26,1.64,2.03
MSFT,2021-04-27,1.78,1.95
MSFT,2021-07-27,1.93,2.17
MSFT,2021-10-26,2.08,2.27
MSFT,2022-01-25,2.32,2.48
MSFT,2022-04-26,2.2,2.22
MSFT,2022-07-26,2.29,2.23
MSFT,2022-10-25,2.31,2.35
MSFT,2023-01-24,2.32,2.32
MSFT,2023-04-25,2.23,2.45
MSFT,2023-07-25,2.55,2.69
MSFT,2023-10-24,2.65,2.99
MSFT,2024-01-30,2.77,2.93
MSFT,2024-04-25,2.84,2.94
MSFT,2024-07-30,2.94,2.95
MSFT,2024-10-30,3.11,3.3
MSFT,2025-01-29,3.12,3.23
MSFT,2025-04-30,3.22,3.46
MSFT,2025-07-30,3.38,3.65
MSFT,2025-10-29,3.66,4.13
MSFT,2026-01-28,3.92,4.14
MSFT,2026-04-29,4.06,4.27
MSFT,2026-07-29,4.25,
MU,2001-09-25,-0.32,-0.28
MU,2001-12-18,-0.41,-0.44
MU,2002-03-21,-0.05,-0.05
MU,2002-06-25,0.06,-0.04
MU,2002-09-24,-0.18,-0.27
MU,2002-12-17,-0.22,-0.52
MU,2003-03-20,-0.52,-0.83
MU,2003-06-18,-0.5,-0.36
MU,2003-09-24,-0.26,-0.19
MU,2003-12-23,-0.05,-0.03
MU,2004-03-24,-0.07,-0.04
MU,2004-06-23,0.1,0.13
MU,2004-09-29,0.2,0.14
MU,2004-12-22,0.21,0.23
MU,2005-03-29,0.14,0.17
MU,2005-06-23,0.04,-0.2
MU,2005-09-29,-0.07,0.07
MU,2005-12-21,0.1,0.09
MU,2006-04-10,0.06,-0.03
MU,2006-06-28,0.09,0.13
MU,2006-10-05,0.14,0.14
MU,2006-12-21,0.2,0.21
MU,2007-04-04,,-0.07
MU,2007-06-28,-0.23,-0.31
MU,2007-10-02,-0.22,-0.15
MU,2007-12-20,-0.19,-0.24
MU,2008-04-02,-0.36,-0.41
MU,2008-06-26,-0.29,-0.3
MU,2008-10-01,-0.23,-0.27
MU,2008-12-23,-0.43,-0.72
MU,2009-04-02,-0.61,-0.82
MU,2009-06-25,-0.41,-0.36
MU,2009-09-29,-0.19,-0.1
MU,2009-12-22,0.07,0.15
MU,2010-03-31,0.24,0.39
MU,2010-06-28,0.43,0.43
MU,2010-10-07,0.4,0.3
MU,2010-12-22,0.29,0.15
MU,2011-03-23,0.02,0.07
MU,2011-06-23,0.17,0.07
MU,2011-09-29,,-0.14
MU,2011-12-21,-0.11,-0.19
MU,2012-03-22,-0.19,-0.23
MU,2012-06-20,-0.19,-0.32
MU,2012-09-27,-0.23,-0.24
MU,2012-12-20,-0.2,-0.27
MU,2013-03-21,-0.2,-0.19
MU,2013-06-19,0.04,0.09
MU,2013-10-10,0.3,0.23
MU,2014-01-07,0.51,0.77
MU,2014-04-03,0.76,0.85
MU,2014-06-23,0.7,0.79
MU,2014-09-25,0.81,0.82
MU,2015-01-06,0.92,0.97
MU,2015-04-01,0.72,0.81
MU,2015-06-25,0.56,0.54
MU,2015-10-01,0.32,0.37
MU,2015-12-22,0.23,0.24
MU,2016-03-30,-0.09,-0.05
MU,2016-06-30,-0.1,-0.08
MU,2016-10-04,-0.09,-0.05
MU,2016-12-21,0.29,0.32
MU,2017-03-23,0.86,0.9
MU,2017-06-29,1.51,1.62
MU,2017-09-26,1.84,2.02
MU,2017-12-19,2.21,2.45
MU,2018-03-22,2.74,2.82
MU,2018-06-20,3.14,3.15
MU,2018-09-20,3.32,3.53
MU,2018-12-18,2.97,2.97
MU,2019-03-20,1.66,1.71
MU,2019-06-25,0.79,1.05
MU,2019-09-26,0.48,0.56
MU,2019-12-18,0.47,0.48
MU,2020-03-25,0.37,0.45
MU,2020-06-29,0.76,0.82
MU,2020-09-29,0.97,1.08
MU,2021-01-07,0.69,0.78
MU,2021-03-31,0.95,0.98
MU,2021-06-30,1.72,1.88
MU,2021-09-28,2.34,2.42
MU,2021-12-20,2.11,2.16
MU,2022-03-29,1.98,2.14
MU,2022-06-30,2.44,2.59
MU,2022-09-29,1.37,1.45
MU,2022-12-21,-0.02,-0.04
MU,2023-03-28,-0.88,-1.91
MU,2023-06-28,-1.57,-1.43
MU,2023-09-27,-1.18,-1.07
MU,2023-12-20,-1.01,-0.95
MU,2024-03-20,-0.24,0.42
MU,2024-06-26,0.53,0.62
MU,2024-09-25,1.11,1.18
MU,2024-12-18,1.77,1.79
MU,2025-03-20,1.42,1.56
MU,2025-06-25,1.45,1.68
MU,2025-09-23,2.86,3.03
MU,2025-12-17,3.96,4.78
MU,2026-03-18,9.16,12.2
MU,2026-06-24,18.97,
NVDA,2002-02-14,,
NVDA,2002-05-22,,
NVDA,2002-05-22,,
NVDA,2002-08-15,,
NVDA,2002-08-15,,
NVDA,2002-11-07,,
NVDA,2003-02-13,,
NVDA,2003-05-08,,
NVDA,2003-08-07,,
NVDA,2003-11-06,,
NVDA,2004-02-12,,
NVDA,2004-05-06,,
NVDA,2004-08-05,,
NVDA,2004-11-04,,
NVDA,2005-02-17,,
NVDA,2005-05-12,,
NVDA,2005-08-11,,
NVDA,2005-11-09,,
NVDA,2006-02-16,,
NVDA,2006-05-11,,
NVDA,2006-11-09,,
NVDA,2006-11-09,,0.01
NVDA,2007-02-13,0.01,0.01
NVDA,2007-05-10,0.01,0.01
NVDA,2007-08-09,0.01,0.01
NVDA,2007-11-08,0.01,0.01
NVDA,2008-02-13,0.01,0.01
NVDA,2008-05-08,0.01,0.01
NVDA,2008-08-12,,
NVDA,2008-11-06,,0.01
NVDA,2009-02-10,,
NVDA,2009-05-07,,
NVDA,2009-08-06,,
NVDA,2009-11-05,,
NVDA,2010-02-17,,0.01
NVDA,2010-05-13,0.01,0.01
NVDA,2010-08-12,,
NVDA,2010-11-11,,
NVDA,2011-02-16,0.01,0.01
NVDA,2011-05-12,,0.01
NVDA,2011-08-11,0.01,0.01
NVDA,2011-11-10,0.01,0.01
NVDA,2012-02-15,0.01,0.01
NVDA,2012-05-11,,
NVDA,2012-08-09,0.01,0.01
NVDA,2012-11-08,0.01,0.01
NVDA,2013-02-13,0.01,0.01
NVDA,2013-05-09,,
NVDA,2013-08-08,,0.01
NVDA,2013-11-07,0.01,0.01
NVDA,2014-02-12,0.01,0.01
NVDA,2014-05-08,0.01,0.01
NVDA,2014-08-07,0.01,0.01
NVDA,2014-11-06,0.01,0.01
NVDA,2015-02-11,0.01,0.01
NVDA,2015-05-07,0.01,0.01
NVDA,2015-08-06,0.01,0.01
NVDA,2015-11-05,0.01,0.01
NVDA,2016-02-17,0.01,0.01
NVDA,2016-05-12,0.01,0.01
NVDA,2016-08-11,0.01,0.01
NVDA,2016-11-10,0.02,0.02
NVDA,2017-02-09,0.02,0.03
NVDA,2017-05-09,0.02,0.02
NVDA,2017-08-10,0.02,0.03
NVDA,2017-11-09,0.03,0.03
NVDA,2018-02-08,0.03,0.04
NVDA,2018-05-10,0.04,0.05
NVDA,2018-08-16,0.05,0.05
NVDA,2018-11-15,0.05,0.05
NVDA,2019-02-14,0.02,0.02
NVDA,2019-05-16,0.02,0.02
NVDA,2019-08-15,0.03,0.03
NVDA,2019-11-14,0.04,0.04
NVDA,2020-02-13,0.04,0.05
NVDA,2020-05-21,0.04,0.05
NVDA,2020-08-19,0.05,0.05
NVDA,2020-11-18,0.06,0.07
NVDA,2021-02-24,0.07,0.08
NVDA,2021-05-26,0.08,0.09
NVDA,2021-08-18,0.08,0.09
NVDA,2021-11-17,0.09,0.1
NVDA,2022-02-16,0.12,0.13
NVDA,2022-05-25,0.13,0.14
NVDA,2022-08-24,0.05,0.05
NVDA,2022-11-16,0.07,0.06
NVDA,2023-02-22,0.08,0.09
NVDA,2023-05-24,0.09,0.11
NVDA,2023-08-23,0.21,0.27
NVDA,2023-11-21,0.34,0.4
NVDA,2024-02-21,0.46,0.52
NVDA,2024-05-22,0.52,0.6
NVDA,2024-08-28,0.64,0.68
NVDA,2024-11-20,0.75,0.81
NVDA,2025-02-26,0.85,0.89
NVDA,2025-05-28,0.75,0.81
NVDA,2025-08-27,1.01,1.05
NVDA,2025-11-19,1.26,1.3
NVDA,2026-02-25,1.54,1.62
NVDA,2026-05-20,1.78,
PFE,2001-10-17,0.33,0.34
PFE,2002-01-23,0.34,0.34
PFE,2002-04-17,0.39,0.39
PFE,2002-07-15,0.32,0.33
PFE,2002-10-16,0.38,0.39
PFE,2003-01-22,0.47,0.48
PFE,2003-04-22,0.44,0.45
PFE,2003-07-25,0.29,0.3
PFE,2003-10-22,0.44,0.47
PFE,2004-01-22,0.51,0.53
PFE,2004-04-20,0.51,0.52
PFE,2004-07-21,0.46,0.47
PFE,2004-10-20,0.54,0.55
PFE,2005-01-19,0.59,0.58
PFE,2005-04-19,0.53,0.54
PFE,2005-07-20,0.44,0.46
PFE,2005-10-20,0.48,0.51
PFE,2006-01-19,0.42,0.51
PFE,2006-04-19,0.53,0.61
PFE,2006-07-20,0.48,0.52
PFE,2006-10-19,0.45,0.54
PFE,2007-01-22,0.42,0.43
PFE,2007-04-20,0.57,0.68
PFE,2007-07-18,0.5,0.42
PFE,2007-10-18,0.52,0.58
PFE,2008-01-23,0.47,0.52
PFE,2008-04-17,0.65,0.61
PFE,2008-07-23,0.54,0.55
PFE,2008-10-21,0.6,0.62
PFE,2009-01-26,0.6,0.64
PFE,2009-04-28,0.49,0.54
PFE,2009-07-22,0.46,0.48
PFE,2009-10-20,0.48,0.51
PFE,2010-02-03,0.51,0.49
PFE,2010-05-04,0.24,0.25
PFE,2010-08-03,0.52,0.62
PFE,2010-11-02,0.51,0.54
PFE,2011-02-01,0.46,0.47
PFE,2011-05-03,0.58,0.6
PFE,2011-08-02,0.59,0.6
PFE,2011-11-01,0.56,0.62
PFE,2012-01-31,0.47,0.5
PFE,2012-05-01,0.57,0.58
PFE,2012-07-31,0.55,0.62
PFE,2012-11-01,0.52,0.53
PFE,2013-01-29,0.44,0.47
PFE,2013-04-30,0.55,0.54
PFE,2013-07-30,0.55,0.56
PFE,2013-10-29,0.56,0.58
PFE,2014-01-28,0.53,0.56
PFE,2014-05-05,0.55,0.57
PFE,2014-07-29,0.57,0.58
PFE,2014-10-28,0.55,0.57
PFE,2015-01-27,0.53,0.54
PFE,2015-04-28,0.49,0.51
PFE,2015-07-28,0.52,0.56
PFE,2015-10-27,0.51,0.6
PFE,2016-02-02,0.52,0.53
PFE,2016-05-03,0.55,0.67
PFE,2016-08-02,0.62,0.64
PFE,2016-11-01,0.62,0.61
PFE,2017-01-31,0.51,0.47
PFE,2017-05-02,0.67,0.69
PFE,2017-08-01,0.66,0.67
PFE,2017-10-31,0.65,0.67
PFE,2018-01-30,0.56,0.62
PFE,2018-05-01,0.74,0.77
PFE,2018-07-31,0.74,0.81
PFE,2018-10-30,0.75,0.78
PFE,2019-01-29,0.63,0.64
PFE,2019-04-30,0.75,0.85
PFE,2019-07-29,0.75,0.8
PFE,2019-10-29,0.62,0.75
PFE,2020-01-28,0.58,0.55
PFE,2020-04-28,0.73,0.8
PFE,2020-07-28,0.66,0.78
PFE,2020-10-27,0.71,0.72
PFE,2021-02-02,0.46,0.42
PFE,2021-05-04,0.78,0.93
PFE,2021-07-28,0.98,1.07
PFE,2021-11-02,1.09,1.34
PFE,2022-02-08,0.87,1.08
PFE,2022-05-03,1.57,1.62
PFE,2022-07-28,1.78,2.04
PFE,2022-11-01,1.4,1.78
PFE,2023-01-31,1.04,1.14
PFE,2023-05-02,0.99,1.23
PFE,2023-08-01,0.58,0.67
PFE,2023-10-31,-0.34,-0.17
PFE,2024-01-30,-0.18,0.1
PFE,2024-05-01,0.34,0.55
PFE,2024-07-30,0.46,0.6
PFE,2024-10-29,0.61,1.06
PFE,2025-02-04,0.46,0.63
PFE,2025-04-29,0.67,0.92
PFE,2025-08-05,0.57,0.78
PFE,2025-11-04,0.63,0.87
PFE,2026-02-03,0.57,0.66
PFE,2026-05-05,0.72,0.75
PFE,2026-07-29,0.68,
QCOM,2001-11-06,0.13,0.12
QCOM,2002-01-24,0.11,0.12
QCOM,2002-04-24,0.1,0.1
QCOM,2002-07-25,0.11,0.12
QCOM,2002-11-07,0.14,0.16
QCOM,2003-01-22,0.19,0.21
QCOM,2003-04-23,0.18,0.19
QCOM,2003-07-23,0.15,0.17
QCOM,2003-11-05,0.15,0.14
QCOM,2004-01-21,0.24,0.26
QCOM,2004-04-21,0.25,0.27
QCOM,2004-07-21,0.26,0.28
QCOM,2004-11-03,0.28,0.29
QCOM,2005-01-19,0.27,0.28
QCOM,2005-04-20,0.27,0.29
QCOM,2005-07-20,0.25,0.28
QCOM,2005-11-02,0.33,0.32
QCOM,2006-01-25,0.38,0.39
QCOM,2006-04-19,0.4,0.41
QCOM,2006-07-19,0.41,0.42
QCOM,2006-11-02,0.41,0.42
QCOM,2007-01-24,0.42,0.43
QCOM,2007-04-25,0.48,0.5
QCOM,2007-07-25,0.51,0.55
QCOM,2007-11-08,0.53,0.54
QCOM,2008-01-23,0.53,0.52
QCOM,2008-04-23,0.52,0.54
QCOM,2008-07-23,0.55,0.55
QCOM,2008-11-06,0.6,0.63
QCOM,2009-01-28,0.47,0.31
QCOM,2009-04-27,0.39,0.42
QCOM,2009-07-22,0.51,0.54
QCOM,2009-11-04,0.52,0.64
QCOM,2010-01-27,0.56,0.62
QCOM,2010-04-21,0.56,0.59
QCOM,2010-07-21,0.53,0.57
QCOM,2010-11-03,0.58,0.68
QCOM,2011-01-26,0.72,0.82
QCOM,2011-04-20,0.8,0.86
QCOM,2011-07-20,0.71,0.73
QCOM,2011-11-02,0.78,0.8
QCOM,2012-02-01,0.9,0.97
QCOM,2012-04-18,0.96,1.01
QCOM,2012-07-18,0.86,0.85
QCOM,2012-11-07,0.82,0.89
QCOM,2013-01-30,1.12,1.26
QCOM,2013-04-24,1.17,1.17
QCOM,2013-07-24,1.03,1.03
QCOM,2013-11-06,1.08,1.05
QCOM,2014-01-29,1.19,1.01
QCOM,2014-04-23,1.22,1.31
QCOM,2014-07-23,1.21,1.44
QCOM,2014-11-05,1.31,1.26
QCOM,2015-01-28,1.25,1.34
QCOM,2015-04-22,1.33,1.4
QCOM,2015-07-22,0.95,0.99
QCOM,2015-11-04,0.86,0.91
QCOM,2016-01-27,0.91,0.97
QCOM,2016-04-20,0.96,1.04
QCOM,2016-07-20,0.97,1.16
QCOM,2016-11-02,1.11,1.28
QCOM,2017-01-25,1.18,1.19
QCOM,2017-04-19,1.2,1.34
QCOM,2017-07-19,0.81,0.83
QCOM,2017-11-01,0.81,0.92
QCOM,2018-01-31,0.91,0.98
QCOM,2018-04-25,0.7,0.8
QCOM,2018-07-25,0.71,0.75
QCOM,2018-11-07,0.83,0.9
QCOM,2019-01-30,1.09,1.2
QCOM,2019-05-01,0.71,0.77
QCOM,2019-07-31,0.77,0.8
QCOM,2019-11-06,0.71,0.78
QCOM,2020-02-05,0.85,0.99
QCOM,2020-04-29,0.8,0.88
QCOM,2020-07-29,0.71,0.86
QCOM,2020-11-04,1.18,1.45
QCOM,2021-02-03,2.1,2.17
QCOM,2021-04-28,1.67,1.9
QCOM,2021-07-28,1.68,1.92
QCOM,2021-11-03,2.26,2.55
QCOM,2022-02-02,3.0,3.23
QCOM,2022-04-27,2.92,3.21
QCOM,2022-07-27,2.87,2.96
QCOM,2022-11-02,3.13,3.13
QCOM,2023-02-02,2.35,2.37
QCOM,2023-05-03,2.16,2.15
QCOM,2023-08-02,1.81,1.87
QCOM,2023-11-01,1.91,2.02
QCOM,2024-01-31,2.37,2.75
QCOM,2024-05-01,2.32,2.44
QCOM,2024-07-31,2.26,2.33
QCOM,2024-11-06,2.57,2.69
QCOM,2025-02-05,2.99,3.41
QCOM,2025-04-30,2.82,2.85
QCOM,2025-07-30,2.27,2.43
QCOM,2025-11-05,2.88,3.0
QCOM,2026-02-04,2.75,2.78
QCOM,2026-04-29,2.56,2.65
QCOM,2026-07-29,2.23,
TXN,2001-10-17,-0.04,-0.03
TXN,2002-01-28,-0.09,-0.06
TXN,2002-04-15,,0.01
TXN,2002-07-22,0.06,0.06
TXN,2002-10-21,0.1,0.09
TXN,2003-01-22,0.03,0.06
TXN,2003-04-15,0.06,0.07
TXN,2003-07-21,0.06,0.07
TXN,2003-10-20,0.1,0.12
TXN,2004-01-26,0.19,0.2
TXN,2004-04-14,0.21,0.21
TXN,2004-07-20,0.25,0.25
TXN,2004-10-18,0.28,0.32
TXN,2005-01-25,0.26,0.26
TXN,2005-04-18,0.23,0.24
TXN,2005-07-25,0.29,0.32
TXN,2005-10-24,0.39,0.41
TXN,2006-01-23,0.42,0.43
TXN,2006-04-18,0.33,0.33
TXN,2006-07-24,0.47,0.47
TXN,2006-10-23,0.45,0.45
TXN,2007-01-22,0.38,0.39
TXN,2007-04-23,0.31,0.35
TXN,2007-07-23,0.42,0.42
TXN,2007-10-22,0.5,0.52
TXN,2008-01-22,0.52,0.53
TXN,2008-04-21,0.43,0.43
TXN,2008-07-21,0.46,0.44
TXN,2008-10-20,0.44,0.43
TXN,2009-01-26,0.14,0.21
TXN,2009-04-20,0.01,0.07
TXN,2009-07-20,0.18,0.2
TXN,2009-10-19,0.4,0.43
TXN,2010-01-25,0.49,0.52
TXN,2010-04-26,0.51,0.53
TXN,2010-07-19,0.62,0.64
TXN,2010-10-25,0.69,0.72
TXN,2011-01-24,0.63,0.64
TXN,2011-04-18,0.58,0.57
TXN,2011-07-25,0.53,0.61
TXN,2011-10-24,0.58,0.61
TXN,2012-01-23,0.24,0.25
TXN,2012-04-23,0.29,0.32
TXN,2012-07-23,0.4,0.44
TXN,2012-10-22,0.46,0.52
TXN,2013-01-22,0.34,0.36
TXN,2013-04-22,0.32,0.41
TXN,2013-07-22,0.44,0.42
TXN,2013-10-21,0.57,0.64
TXN,2014-01-21,0.5,0.56
TXN,2014-04-23,0.47,0.47
TXN,2014-07-21,0.59,0.62
TXN,2014-10-20,0.75,0.82
TXN,2015-01-26,0.69,0.76
TXN,2015-04-22,0.67,0.67
TXN,2015-07-22,0.7,0.72
TXN,2015-10-21,0.72,0.83
TXN,2016-01-27,0.75,0.82
TXN,2016-04-27,0.66,0.71
TXN,2016-07-25,0.77,0.82
TXN,2016-10-26,0.91,1.01
TXN,2017-01-24,0.86,0.93
TXN,2017-04-25,0.85,0.96
TXN,2017-07-25,0.99,1.1
TXN,2017-10-24,1.17,1.31
TXN,2018-01-23,1.12,1.11
TXN,2018-04-24,1.15,1.29
TXN,2018-07-24,1.35,1.45
TXN,2018-10-23,1.58,1.65
TXN,2019-01-23,1.24,1.27
TXN,2019-04-23,1.17,1.29
TXN,2019-07-23,1.26,1.33
TXN,2019-10-22,1.42,1.49
TXN,2020-01-22,1.02,1.12
TXN,2020-04-21,1.02,1.3
TXN,2020-07-21,0.92,1.57
TXN,2020-10-20,1.29,1.5
TXN,2021-01-26,1.33,1.8
TXN,2021-04-27,1.61,1.92
TXN,2021-07-21,1.85,2.1
TXN,2021-10-26,2.04,2.07
TXN,2022-01-25,1.96,2.33
TXN,2022-04-26,2.19,2.42
TXN,2022-07-26,2.15,2.52
TXN,2022-10-25,2.42,2.56
TXN,2023-01-24,1.98,2.13
TXN,2023-04-25,1.8,1.85
TXN,2023-07-25,1.77,1.87
TXN,2023-10-24,1.84,1.85
TXN,2024-01-23,1.49,1.46
TXN,2024-04-23,1.07,1.2
TXN,2024-07-23,1.19,1.17
TXN,2024-10-22,1.37,1.47
TXN,2025-01-23,1.23,1.3
TXN,2025-04-23,1.1,1.28
TXN,2025-07-22,1.37,1.41
TXN,2025-10-21,1.49,1.57
TXN,2026-01-27,1.28,1.31
TXN,2026-04-22,1.37,1.68
TXN,2026-07-28,1.92,
UNH,2001-10-26,0.18,0.18
UNH,2002-01-24,0.18,0.19
UNH,2002-04-18,0.21,0.23
UNH,2002-07-18,0.24,0.25
UNH,2002-10-17,0.26,0.28
UNH,2003-01-23,0.29,0.3
UNH,2003-04-16,0.31,0.32
UNH,2003-07-17,0.33,0.36
UNH,2003-10-16,0.37,0.39
UNH,2004-01-22,0.39,0.42
UNH,2004-04-15,0.43,0.44
UNH,2004-07-15,0.46,0.47
UNH,2004-10-14,0.5,0.52
UNH,2005-01-20,0.54,0.55
UNH,2005-04-14,0.56,0.58
UNH,2005-07-14,0.75,0.61
UNH,2005-10-14,0.67,0.64
UNH,2006-01-19,0.64,0.65
UNH,2006-04-18,0.65,0.68
UNH,2006-07-19,0.68,0.7
UNH,2006-10-19,0.76,0.8
UNH,2007-01-18,0.85,0.86
UNH,2007-04-19,0.71,0.74
UNH,2007-07-19,0.81,0.87
UNH,2007-10-18,0.92,0.95
UNH,2008-01-22,0.92,0.92
UNH,2008-04-22,0.8,0.78
UNH,2008-07-22,0.65,0.67
UNH,2008-10-16,0.73,0.73
UNH,2009-01-22,0.78,0.78
UNH,2009-04-21,0.67,0.81
UNH,2009-07-21,0.7,0.73
UNH,2009-10-20,0.76,0.89
UNH,2010-01-21,0.73,0.81
UNH,2010-04-20,0.69,1.03
UNH,2010-07-20,0.75,0.99
UNH,2010-10-19,0.83,1.14
UNH,2011-01-20,0.84,1.05
UNH,2011-04-21,0.89,1.22
UNH,2011-07-19,1.01,1.16
UNH,2011-10-18,1.12,1.17
UNH,2012-01-19,1.04,1.17
UNH,2012-04-19,1.18,1.31
UNH,2012-07-19,1.19,1.27
UNH,2012-10-16,1.36,1.5
UNH,2013-01-17,1.19,1.2
UNH,2013-04-18,1.15,1.16
UNH,2013-07-18,1.25,1.4
UNH,2013-10-17,1.53,1.53
UNH,2014-01-16,1.4,1.41
UNH,2014-04-17,1.08,1.1
UNH,2014-07-17,1.26,1.42
UNH,2014-10-16,1.52,1.63
UNH,2015-01-21,1.5,1.55
UNH,2015-04-16,1.34,1.46
UNH,2015-07-16,1.58,1.64
UNH,2015-10-15,1.64,1.65
UNH,2016-01-19,1.37,1.4
UNH,2016-04-19,1.72,1.81
UNH,2016-07-19,1.89,1.96
UNH,2016-10-18,2.08,2.17
UNH,2017-01-17,2.07,2.11
UNH,2017-04-18,2.17,2.37
UNH,2017-07-18,2.38,2.46
UNH,2017-10-17,2.57,2.66
UNH,2018-01-16,2.52,2.59
UNH,2018-04-17,2.91,3.04
UNH,2018-07-17,3.04,3.14
UNH,2018-10-16,3.3,3.41
UNH,2019-01-15,3.22,3.28
UNH,2019-04-16,3.6,3.73
UNH,2019-07-18,3.46,3.6
UNH,2019-10-15,3.76,3.88
UNH,2020-01-15,3.78,3.9
UNH,2020-04-15,3.65,3.72
UNH,2020-07-15,5.24,7.12
UNH,2020-10-14,3.08,3.51
UNH,2021-01-20,2.41,2.52
UNH,2021-04-15,4.38,5.31
UNH,2021-07-15,4.46,4.7
UNH,2021-10-14,4.42,4.52
UNH,2022-01-19,4.31,4.48
UNH,2022-04-14,5.35,5.49
UNH,2022-07-15,5.21,5.57
UNH,2022-10-14,5.44,5.79
UNH,2023-01-13,5.17,5.34
UNH,2023-04-14,6.08,6.26
UNH,2023-07-14,5.98,6.14
UNH,2023-10-13,6.35,6.56
UNH,2024-01-12,5.99,6.16
UNH,2024-04-16,6.62,6.91
UNH,2024-07-16,6.63,6.8
UNH,2024-10-15,6.6,6.51
UNH,2025-01-16,6.74,6.81
UNH,2025-04-17,6.93,6.85
UNH,2025-07-29,4.45,4.08
UNH,2025-10-28,2.81,2.92
UNH,2026-01-27,2.11,2.11
UNH,2026-04-21,6.6,7.23
UNH,2026-07-28,4.85,
XOM,2001-10-23,0.5,0.48
XOM,2002-01-23,0.38,0.42
XOM,2002-04-23,0.39,0.31
XOM,2002-08-01,0.45,0.39
XOM,2002-10-31,0.42,0.44
XOM,2003-01-30,0.5,0.56
XOM,2003-05-01,0.69,0.71
XOM,2003-07-31,0.56,0.62
XOM,2003-10-30,0.62,0.55
XOM,2004-01-29,0.58,0.68
XOM,2004-04-29,0.75,0.83
XOM,2004-07-29,0.88,0.88
XOM,2004-10-28,0.87,0.96
XOM,2005-01-31,1.05,1.3
XOM,2005-04-28,1.2,1.15
XOM,2005-07-28,1.22,1.23
XOM,2005-10-27,1.39,1.32
XOM,2006-01-30,1.45,1.65
XOM,2006-04-27,1.46,1.41
XOM,2006-07-27,1.64,1.72
XOM,2006-10-26,1.59,1.77
XOM,2007-02-01,1.52,1.69
XOM,2007-04-26,1.53,1.62
XOM,2007-07-26,1.96,1.83
XOM,2007-11-01,1.74,1.7
XOM,2008-02-01,1.98,2.13
XOM,2008-05-01,2.11,2.03
XOM,2008-07-31,2.53,2.27
XOM,2008-10-30,2.38,2.59
XOM,2009-01-30,1.51,1.55
XOM,2009-04-30,0.95,0.92
XOM,2009-07-30,1.02,0.84
XOM,2009-10-29,1.03,0.98
XOM,2010-02-01,1.16,1.27
XOM,2010-04-29,1.38,1.37
XOM,2010-07-29,1.46,1.6
XOM,2010-10-28,1.35,1.44
XOM,2011-01-31,1.6,1.85
XOM,2011-04-28,2.02,2.14
XOM,2011-07-28,2.33,2.18
XOM,2011-10-27,2.13,2.13
XOM,2012-01-31,1.98,1.97
XOM,2012-04-26,2.11,2.0
XOM,2012-07-26,1.96,1.8
XOM,2012-11-01,1.93,2.09
XOM,2013-02-01,2.0,2.2
XOM,2013-04-25,2.05,2.12
XOM,2013-08-01,1.9,1.55
XOM,2013-10-31,1.78,1.79
XOM,2014-01-30,1.92,1.91
XOM,2014-05-01,1.88,2.1
XOM,2014-07-31,1.86,2.05
XOM,2014-10-31,1.72,1.89
XOM,2015-02-02,1.34,1.32
XOM,2015-04-30,0.83,1.17
XOM,2015-07-31,1.11,1.06
XOM,2015-10-30,0.9,1.01
XOM,2016-02-02,0.64,0.67
XOM,2016-04-29,0.31,0.43
XOM,2016-07-29,0.64,0.41
XOM,2016-10-28,0.6,0.63
XOM,2017-01-31,0.7,0.89
XOM,2017-04-28,0.87,0.95
XOM,2017-07-28,0.85,0.78
XOM,2017-10-27,0.87,0.93
XOM,2018-02-02,1.04,1.97
XOM,2018-04-27,1.1,1.09
XOM,2018-07-27,1.27,0.92
XOM,2018-11-02,1.22,1.46
XOM,2019-02-01,1.09,1.5
XOM,2019-04-26,0.73,0.55
XOM,2019-08-02,0.71,0.61
XOM,2019-11-01,0.66,0.68
XOM,2020-01-31,1.2,1.33
XOM,2020-05-01,0.04,-0.14
XOM,2020-07-31,-0.54,-0.26
XOM,2020-10-30,-0.26,-0.15
XOM,2021-02-02,0.02,0.03
XOM,2021-04-30,0.6,0.65
XOM,2021-07-30,0.99,1.1
XOM,2021-10-29,1.52,1.58
XOM,2022-02-01,1.93,2.05
XOM,2022-04-29,2.22,2.07
XOM,2022-07-29,3.89,4.14
XOM,2022-10-28,3.82,4.45
XOM,2023-01-31,3.28,3.4
XOM,2023-04-28,2.59,2.83
XOM,2023-07-28,2.02,1.94
XOM,2023-10-27,2.36,2.27
XOM,2024-02-02,2.19,2.48
XOM,2024-04-26,2.16,2.06
XOM,2024-08-02,2.01,2.14
XOM,2024-11-01,1.88,1.92
XOM,2025-01-31,1.55,1.72
XOM,2025-05-02,1.74,1.76
XOM,2025-08-01,1.56,1.64
XOM,2025-10-31,1.79,1.76
XOM,2026-01-30,1.66,1.53
XOM,2026-05-01,0.89,1.0
XOM,2026-07-31,3.63,
